CODIGO;NOMBRE;ACTIVA;MTP;MTC
3001;CONDUCTOS CHIMENEA TERREAL;T;42;42
3002;CHIMENEAS Y BARBACOAS FERLUX;T;43;43
3003;CHIMENEAS ROCAL;T;42;42
3004;LLAR CALOR (FILIAL ROCAL);T;42;42
3005;CHIMENEAS;T;42;42
3006;ESTUFAS LEÑA THECA;T;41;41
3007;MODULOS LEÑA ALBERTO PINO;T;41;41
3008;CHIMENEAS BOSCH MARIN;T;43;43
3010;BARBACOAS;T;42;42
3011;ACCESORIOS CHIMENEA;T;42;42
3014;BARBACOAS;T;42;42
3015;BARBACOAS FUGAR;T;42;42
3016;BARBACOAS PAÑELLA;T;42;42
3017;BARBACOAS EDILKAMIN;T;42;42
3020;COOK'IN GARDEN (BARBACOAS Y ACCESORIOS);T;70;60
3101;VISEMAR;T;42;42
3102;MARMOLES SERVIFIL;T;42;42
3103;COMPAC;T;30;30
3104;CORTES CCOS.;T;42;42
3105;MARMOLES SANDOVAL;T;42;42
3107;MARMOL TORREGROSA;T;42;42
3110;RODAPIE MARMOL;T;42;42
3112;MARMOLES MANCHAMAR;T;42;42
3203;MUEBLES COCINA PEDINI;T;44,93;37,68
3204;MUEBLES COCINA ALKOS;T;44,93;37,68
3205;ENCIM SILESTONE-DEKTON-NATURAMIA-GRANET;T;36,84;31
3206;ENC LAMINAT-FUSTA-THESIZE-ITOPKER;T;42,1;35
3207;MONTAJES MUEBLES COCINA;T;24,71;21
3208;MOBILIARIO MOBLIBERICA;T;72,7;68,8
3209;ENCIMERES DE CUINA;T;36,84;31
3210;ALKOS T1 BASIC 2015;T;35,8;30,43
3211;ALKOS BASIC (EXCEPTE T1) 2015;T;42,35;36
3212;ALKOS STANDARD;T;45,88;39
3213;CUINES REKKER;T;42,35;35,8
3215;PUERTAS FACIL-BLOCK;T;45;40
3220;RIVERSTONE;T;90;75
3301;SANITARIO GALA;T;66,66;52
3302;BAÑERAS ROCA;T;42,85;36
3303;REPARADORES;T;66,66;50
3304;CATALANO;T;60;52
3307;BAÑERAS CONTINENTAL;T;42,85;36
3309;BAÑERAS PRINCESS;T;42,85;36
3310;BAÑERAS CONTESA;T;42,85;36
3311;BAÑERAS CONTESA-BAÑASEO;T;42,85;36
3312;PLATOS DUCHAS ROCA;T;42,85;36
3313;PLATOS DUCHA IDEAL STANDARD;T;81,81;50
3314;PLATOS DUCHA NOVELLINI;T;81,81;50
3315;PLATOS DUCHA AQUA-ZONE;T;81,81;50
3316;SANITARIO ATLANTA BLANCO;T;28,78;21,22
3317;SANITARIO ONA;T;28,78;21,22
3318;SANITARIO ZOOM ;T;28,78;21,22
3319;SANITARIO ARMANI;T;28,78;21,22
3320;SANITARIO THE GAP;T;28,78;21,22
3321;SANITARIO HALL;T;28,78;21,22
3322;SANITARIO VERONICA;T;28,78;21,22
3323;SANITARIO KHROMA;T;28,78;21,22
3324;SANITARIO GONDOLA BLANCO;T;28,78;21,22
3325;SANITARIO DAMA SENSO;T;28,78;21,22
3326;SANITARIO VERANDA;T;28,78;21,22
3327;SANITARIO INSPIRA;T;28,78;21,22
3328;SANITARIO MERIDIAM GRIS;T;28,78;21,22
3329;SANITARIO DEBBA;T;28,78;21,22
3330;SANITARIO SIDNEY;T;28,78;21,22
3331;SANITARIO CIVIC - ACCESS;T;28,78;21,22
3332;SANITARIO GEORGIA;T;28,78;21,22
3333;SANITARIO GIRALDA;T;28,78;21,22
3334;SANITARIO MERIDIAM VISON;T;28,78;21,22
3335;SANITARIO MERIDIAM BLANCO;T;28,78;21,22
3336;SANITARIO DAMA BLANCO;T;28,78;21,22
3337;SANITARIO DAMA-N ;T;28,78;21,22
3338;SANITARIO DAMA VISON;T;28,78;21,22
3339;SANITARIO CARMEN;T;28,78;21,22
3340;SANITARIO TURA;T;28,78;21,22
3341;DURAVIT;T;66,66;52
3342;SFA TRITURADORES W.C.;T;66,66;52
3343;SANITARIO VICTORIA BL.;T;28,78;21,22
3344;VICTORIA ROSA Y AZUL;T;28,78;21,22
3345;SANITARIO VICTORIA VISON;T;28,78;21,22
3346;PLATOS DUCHA MARBRES LLORET;T;66,66;55
3347;PLATO DUCHA MARMOLES STA COLOMA;T;66,66;55
3348;CANCIO, D'AQUA KITCHEN;T;66,66;55
3349;EMOTION BATH;T;81,81;81,81
3350;LAUFEN;T;60;52
3351;LAVABOS ROCA;T;28,78;21,22
3352;KERASAN;T;66,66;55
3353;URINARIOS/PLACAS TURCAS/VERTEDERO ROCA;T;36;36
3354;BATHCO;T;66,66;52
3355;VALADARES;T;66,66;52
3356;LAVADEROS - FREGADEROS;T;75;55
3357;ASIENTO Y TAPAS ESP.;T;50;50
3358;IDEAL STANDARD;T;81,81;55
3359;BÑRAS.BAÑACRIL HIDRO;T;66,17;55
3360;BAÑERAS BAÑACRIL (NORMAL);T;66,17;55
3361;KREA CONCRETE;T;67;56
3362;BAÑERAS DA VINCI;T;66,17;50
3363;ROCA HIDROMASAJE;T;36;30
3364;DISEGNO CERAMICA;T;80;60
3365;SANGRA;T;63,63;52
3366;VIEGA;T;72,24;62
3367;GEBERIT;T;48,94;38,3
3368;BAÑERAS TEUCO;T;66,66;52
3369;OLI;T;72,24;62
3370;ASTRALPOOL;T;66,66;52
3371;BAÑERAS JACUZZI;T;55;44
3372;HIDRO BOX;T;80;52
3373;ALTHEA GO ON;T;70;52
3374;ALTHEA;T;66,66;52
3375;ALTHEA PLATOS;T;66,66;52
3376;OASIS;T;81,81;52
3377;TROPIK;T;55;52
3378;SANINDUSA;T;45,45;36,36
3379;PL DUCHA SANINDUSA;T;66,66;54
3380;SANITARIO CATALANO;T;43,5;38
3381;NUDESPOL;T;125;85
3382;BECRISA;T;66,66;54
3383;SANITARIO CERSANIT;T;91,39;66
3384;SANITARIO SIMAS;T;43,5;38
3385;CERAMICA CIELO;T;80;52
3386;SANITARIOS AZURRA;T;75;55
3387;SANITARIO HATRIA MARAZZI;T;66,66;52
3388;SANITARIOS EGORE;T;80;52
3389;SANITARIO NOKEN;T;75,44;40,35
3390;SANITARIO GME;T;66,66;55
3391;ACQUABELLA;T;81,81;55
3392;SHOWER ENGEENERING;T;125;85
3393;MC BATH PLATO DUCHA;T;80;52
3394;SYAN AQUASILK;T;80;52
3395;BSURFACE;T;80;52
3396;SANYC CES HIDROMASAJE;T;80;52
3397;ZENON SOLID SURFACE;T;80;52
3398;FORMS&DESING;T;125;85
3399;BATH;T;80;52
3400;EQUIZONE BATH;T;125;85
3406;CRYMA MUEBLES.;T;66,66;52
3501;GRIFERIA 3M TREEMME;T;66,66;52
3502;NOBILI;T;60;52
3503;VALVULAS Y SIFONES;T;110;85
3504;FORMMA GRIFERIA;T;66,66;55
3505;TRES;T;59;52
3506;CLEVER;T;50;46
3507;SCHOOCK;T;53,44;46
3508;GRIFERIA ID. STANDAR;T;59;52
3509;GRIFERIA ELITRES;T;59;52
3510;GRIFERIA ORDAL TRES;T;59;51
3511;GRIFERIA TRES CLASSIC/CLASS;T;59;51
3512;GRIFERIA TRES M-50;T;59;51
3513;TRESMOSTATICAS TRES;T;69,95;55
3514;GRIFERIA BELLOSTA;T;66,66;55
3515;GRIFERIA ELITE;T;66,66;55
3516;GRIFERIA TEUCO;T;66,66;40
3517;SOLO PROFESIONAL;T;59;52
3518;DUCHAS BOSSINI.;T;59;52
3519;SILFRA DESAGüES AUT.;T;59;52
3520;GRIFERIA ANDANA CREACION INDUSTRIAL;T;59;52
3521;CRISTINA GRIFERIA;T;59;52
3522;VALSIR;T;59;52
3523;GRIFERIA FANTINI;T;59;52
3524;GRIFERIA RIZZONE;T;59;52
3525;FIMA CARLO FRATTINI;T;60;52
3526;GRIFERIA TRASS;T;66,66;55
3531;ALFA DYSER TAPONES Y VALVULAS;T;80;60
3533;MZ DEL RIO;T;110;85
3587;SANITARIOS MIZU;T;60;60
3600;KYRYA COLLECTION;T;66,66;55
3601;COMERCIAL SANITARIA.;T;66,66;55
3602;GRIFERIA VARIOS;T;66,66;52
3603;PRESTO;T;66,66;52
3604;GRIFERIAS F.GROHE;T;59;52
3605;MONOMANDOS TEKA;T;47,05;32
3606;GRIFERIA MONOMANDO M-2;T;66,66;45
3607;GRIFERIA MONODIN;T;66,66;45
3609;GROHEDAL;T;59;52
3610;ACCESORIOS ROCA;T;66,66;42
3611;GRIFERIA M3;T;49,1;42
3612;GRIFERIA PANAMA ROCA;T;49,1;42
3613;F.GROHE;T;59;52
3614;GROHE COMPLEMENTS;T;59;52
3620;HANSGROHE;T;55;50
3622;SUPERGRIF;T;66,66;52
3701;GRIFERIA HANSA TWIST;T;59;52
3702;GRIFERIA HANSA-DISC;T;59;52
3703;HANSA PRADO;T;59;52
3704;GRIFERIA HANSA-RONDA;T;59;52
3705;GRIFERIA HANSA DELTA;T;59;52
3706;COMPLEMENTOS HANSA;T;59;52
3707;HANSA STAR;T;59;52
3708;HANSA TIFFANY;T;59;52
3709;HANSA-JET;T;59;52
3710;GRIFERIA HANSA MIX;T;59;52
3711;GRIFERIA HANSA MAT;T;59;52
3712;HANSA VIVA;T;59;52
3713;HANSA LUX;T;59;52
3715;HANSA NOVA;T;59;52
3716;HANSA COBRA;T;59;52
3717;HANSA DESIGNO;T;59;52
3718;HANSA GRIFERIA;T;59;52
3719;HANSA GRIFERIA KWC;T;59;52
3720;GRIFERIA RGC;T;59;52
3721;GRIFERIA ZUCCHETTI;T;59;52
3722;GRIFERIA GALINDO;T;59;52
3723;GRIFERIA RAMON SOLER ;T;66,66;52
3724;HUBER ESPAÑA;T;59;52
3725;MARTI STANDARD (P.NEGROS);T;83;55
3728;CASA BUADES;T;71,43;61,91
3729;MARTI BOUTIQUE (P.VERDES);T;59;52
3730;GRIFERIA YEDREI;T;83;55
3731;GRIFERIA GRB GROBER;T;70;55
3732;GRIFERIA IBERGRIF;T;83;60
3733;GRIFERIA ROVIRA;T;66,66;55
3734;GRIFERIA IMEX ;T;81;66
3735;GRIFERIA TWINS;T;83;55
3736;BRUMA;T;83;55
3737;ACCES.BAÑO KEUKO;T;66,66;55
3738;TUCAI ZONA SANITARIOS;T;59;52
3801;MAMPARAS BATH INNOVATIONS;T;66;55
3802;MAMPARAS GME;T;66,66;55
3803;DUBAÑO Y TDA MAMPARAS;T;66,66;55
3804;MAMPARAS VENTIKLAR;T;66,66;55
3805;MAMPARAS;T;66,66;55
3806;MAMPARAS VELVET;T;66,66;55
3807;MAMPARAS RESER;T;66,66;55
3808;MAMPARAS NOVELLINI;T;66,66;55
3809;MAMPARAS NOVELLINI BASIC;T;66,66;55
3810;MAMPARAS MEGIUS;T;66,66;55
3811;MAMPARAS LASSER;T;66,66;55
3812;MAMPARAS KASSANDRA/MILETO;T;66,66;55
3813;MAMPARAS SAMO;T;66,66;55
3814;MAMPARAS STILDUX;T;66,66;55
3815;ALEX BAN;T;66,66;55
3816;MAMPARA AV BOX;T;66,66;55
3817;MAMPARAS MUNDILITE;T;66,66;55
3818;MAMPARAS SPAZIA;T;66,66;55
3820;MAMPARAS DEYBAN;T;66,66;55
3821;MAMPARAS GRESANCU;T;75;65
3822;MAMPARAS ALBERCH (ROCA);T;66,66;55
3823;MAMPARAS SANYCCES;T;66,66;55
3825;ACCESORIOS TALLERES CAZAÑA;T;66,66;55
3874;EUROBATH;T;81,81;55
3875;LEDIMEX;T;81;66
3876;GENEXIA;T;81,81;55
3877;ACCESORIOS BAÑO CROPUSA;T;78,5;55
3878;ACCESORIOS PORTACELLI;T;81,81;55
3879;JRG ;T;81,81;55
3880;3880 AC.BAÑO BOSSINI;T;66,66;55
3881;ACCESORIOS GEDY;T;66,66;55
3882;DISEÑO SANITARIO DIS;T;66,66;55
3884;3884 AC.BAÑO ARLINEA;T;66,66;55
3886;3886 AC.BAÑO ARTYSAN;T;66,66;55
3887;3887 ACCESORIOS AJA;T;66,66;55
3888;3888 AC.BAÑO DIECRIS;T;66,66;55
3889;3889 ACC.BAÑO URALDI;T;66,66;55
3890;ACCESORIOS MANILLONS TORRENT;T;66,66;55
3891;ACCESORIOS BDB;T;66,66;55
3892;ACCESORIOS PYP ;T;66,66;55
3893;VISOBATH;T;75;60
3894;ESPACIO MOGAR;T;66,66;52
3895;CROPUSA;T;66,66;55
3896;MUEBLES PRODIBANY;T;66,66;55
3897;MYOC - MUEBLES Y OTRAS COSAS;T;66,66;55
3898;MUEBLES BAÑO FIORA;T;66,66;55
3899;MUEBLES SLORA CREAC.Y DISTRIBUCIONES;T;50;45
3900;INOX BANY BASICS;T;100;100
3901;LOFT&BATH;T;66,66;55
3902;AVILA DOS;T;66,66;55
3903;NICOLE;T;100;66
3904;TOT-BANY;T;79,21;55
3905;MUEBLES BATH GLASS;T;66,66;55
3906;ALTRO;T;66,66;55
3907;MUEBLES INOX BANY;T;66,66;55
3908;PIEDRAS DE GALICIA (ENCIMERAS Y LAVABOS);T;75;60
3909;MARTIN;T;64,94;57,1
3910;AFFINY;T;75;60
3911;NOVUM;T;66,66;55
3912;DIBANY;T;75;60
3913;VERGLAS;T;66,66;55
3914;SOLID THEION;T;81,81;55
3915;MUEBLES MEZQUITA;T;66,66;55
3916;MARMOLES A MEDIDA;T;66,66;50
3917;SANCHIS;T;66,66;55
3918;MUEBLES ARTELINEA;T;66,66;55
3919;CORIAN;T;66,66;55
3920;PROJECTE NOAH ;T;66,66;55
3921;STYLO MUEBLES;T;66,66;55
3922;CAMPOY;T;66,66;55
3923;MUEBLES ARTYSAN;T;66,66;55
3924;DECOSAN;T;75;60
3925;ARREDO BAGNO;T;66,66;52
3926;J. LAZARO;T;66,66;55
3927;BAYRO;T;66,66;55
3928;MUEBLES VARIOS;T;66,66;55
3929;STOCCO MUEBLES;T;100;80
3930;SLORA;T;66,66;55
3931;CLODA;T;66,66;55
3932;VIDREBANY;T;66,66;55
3933;MUEBLES GEMINIS;T;66,66;55
3934;CREACIONES DEL ESPINO;T;66,66;55
3935;OMEYABATH;T;66,66;55
3936;DIBAYCO;T;66,66;55
3937;NO-FER;T;66,66;55
3938;DYMOMEGA;T;80;55
3939;HOTELBANY COMERCIAL;T;66,6;55
3940;SERGADI;T;60;51
3941;WINDISCH;T;60;52
3942;TRITURADORES SFA;T;66,66;52
3943;ESPEJOS DILER INTERNACIONAL;T;66,66;52
3944;ACC. TODA/DEBA;T;66,66;52
3945;BATHANDKITCHEN;T;66,66;51
3946;SANEUX ;T;66,66;52
3947;ACCESORIOS TODALUX;T;66,66;52
3948;ACC.SANILUZ KAURI;T;66,66;52
3949;DESIGN KOH-I-NOOR;T;66,66;52
3950;GLOBALBANY;T;66,66;52
3951;BAICO ILUMINACION;T;66,66;52
3952;COYCAMA;T;66,66;52
3953;CICSA;T;66,66;52
3954;UNIBAÑO;T;66,66;52
3955;KOIBATH;T;100;81,81
3956;LLINAS;T;55;52
3957;EXLUM;T;66,66;52
3976;ACCES.BAÑO DISEÑO;T;66,66;52
3977;ACCESORIOS CROMADOS MODERNOS;T;66,66;52
3978;ACC.THAMESIS LORD T.;T;66,66;52
3979;ACCESORIOS GALES;T;66,66;52
3980;LORD T.STUDIO;T;66,66;52
3981;VANDISS;T;66,66;52
3982;BEMEDE;T;66,66;52
3988;PLASTISAN;T;81,81;70
3989;MEDICLINICS;T;66,66;55
3990;EURYNOX;T;66,66;52
3991;SOLFRESS;T;81,81;70
3992;WENKO ;T;81,81;70
3993;TIMBLAU;T;66,66;52
3994;COSMIC;T;66,66;52
3995;ACCESORIOS POM D'OR;T;66,66;52
3996;ACCESORIOS CONTROLOFFICE;T;66,66;52
3997;ACCESORIOS AQUAGRIF;T;150;110
3998;ACCESORIOS ROCA;T;42,85;36
3999;ROCA MUEBLES Y RADIADORES;T;42,85;36
4000;PERFILES Y CANTONERAS EMAC;T;60;52
4001;PERFILES Y CANTONERAS ROMOPLAST;T;62;54
4002;PARQUET FLINT DESCUBRA;T;60;51
4003;PARQUET ARKOMEX;T;50;42
4004;PARQUET LAMINAT DESCUBRA;T;50;41
4005;PARQUET LAMINAT ROOMS;T;50;41
4006;TARIMA TECNO TIMBER TECH-LAND DECK;T;50;41
4007;PARQUET MEISTER;T;60;52
4008;ANTICATTO - FLAMINGO DESCUBRA;T;55;45
4009;MONTATGES PARKET;T;35;35
4010;PARQUET FLOTANTE FL EXPERTS-STEIRER;T;60;52
4011;PARQUET CLIK ART ;T;50;41
4012;PARQUET BAUCLIC;T;50;41
4013;PARQUET PARADOR;T;50;41
4014;TARIMA MADERA NATURAL;T;50;41
4015;FIBERON ;T;50;41
4016;SCHEUCHER;T;55;45
4017;BALTIC WOOD;T;55;42
4018;TARIMA UNICA;T;50;41
4019;MOSSO BAMBOO;T;50;41
4020;FOREST PANELS;T;50;41
4021;LIBERDEC;T;50;41
4022;MINERAL STRONG VINYL;T;50;41
4023;SKEMA;T;50;41
4024;MY FLOOR;T;50;41
4025;MATERIASPC - PARKAY FLOORS;T;55;45
4026;MEDITERRANEAN WOOD ;T;66;50
4027;MFLOR;T;55;45
4028;ZENON SPC;T;50;41
4029;AGT FLOORING;T;50;41
4030;PROFILPAS (PERFILERIA);T;62;54
4031;PROFILPAS (BRICOLAJE);T;62;54
4032;SCHLÜTER PERFILERIA;T;62;54
4033;PERFILERIA CAINOX;T;62;54
4034;KRONOSWISS - BARIPERFIL;T;60;52
4036;EGGER;T;55;45
4101;FREGADERAS WEDEL/PDP/ICEPOL;T;66,66;52
4102;FREGADERAS ROCA GRES;T;51,5;50
4103;FREGADERAS  ROCA  INOX;T;72,41;52
4104;FREGADERAS SANGRA;T;62,34;52
4105;FREGADERAS TEKA;T;66,66;52
4106;FREGADEROS NAYES;T;66,66;52
4107;FREGADEROS ORPAN;T;66,66;52
4108;FREGADEROS OULIN;T;66,66;55
4110;FREGADEROS ATRON;T;88,67;52
4111;FREGADEROS BLANCO;T;50;43
4112;FREGADEROS RODI;T;66,66;52
4113;DISTFORM;T;50;43
4114;GUTMANN;T;42,9;38
4115;FRECAN;T;52;45
4116;SCHNEIDER;T;100;100
4117;WHIRPOOL;T;35;25
4118;GRUP COBAIN (FALMEC-ELLICI);T;52;45
4119;ELICA;T;52;45
4120;ENCIMERAS;T;35;25
4121;HORNOS;T;35;25
4122;CAMPANAS;T;35;26
4123;SMEG;T;59,64;45
4124;BALAY;T;35;25
4125;BOSCH;T;35;25
4126;SIEMENS;T;35;25
4127;BORA;T;53,85;53,85
4128;NEFF;T;35;25
4129;CALENTADORES/TERMOS;T;55;42
4130;ESTRACTORES S&P;T;80;62
4131;LAVAVAJILLAS TEKA;T;25;25
4132;ACCESORIOS BORA;T;42,86;42,86
4133;OLMAR ;T;45;42
4134;DECA INTEGRAL;T;66,66;53
4135;CAMPANAS THERMEX;T;66,66;52
4136;ORPAN;T;66,66;52
4139;CAMPANAS PANDO.;T;66,66;52
4140;SOBERANA;T;66,66;47
4141;ELECTRODOMESTICOS CEMEVISA;T;54;50
4143;CATA ELECTRODOMESTICO;T;58,74;51
4145;MEPAMSA;T;66,66;47
4150;CHAMPER&BATH;T;66,66;52
4160;NEXA STOCK;T;60;50
4190;ELECTRO PROMO FERROLAN;T;35;20
4200;PORTES;T;38;33,33
5501;LLATAS;T;50;50
5502;PALETS;T;50;50
5555;PORTES;T;50;50
7001;CEMENTOS COLA GRAMEGRES;T;22;22
7101;MINICONTAINERS;T;17;17
7102;PINTURAS GRAMEGRES;T;35;30
7103;HERRAMIENTAS BLACK&DECKER;T;40;30
7104;HERRAMIENTAS WERKU;T;65;65
7105;FERRETERIA;T;65;65
7201;SANITARIOS SANGRA GRAMEGRES;T;46;46
7202;SANITARIOS CIELO GRAMEGRES;T;75;75
7203;SANITARIOS GME GRAMEGRES;T;70;70
7205;SANITARIO VALADARES;T;160;160
7206;SANITARIOS AZULFER;T;160;160
7209;PLATOS DUCHA DAKOTA GRAMEGRES;T;46;46
7210;PLATOS DUCHA GLOBO GRAMEGRES;T;50;50
7211;PLATOS DUCHA ASTRAL GRAMEGRES;T;46;46
7212;SANITARIOS DECA INTEGRAL;T;70;70
7213;FOSSIL NATURA;T;70;70
7215;RADIADORES IRSAP;T;75;75
7216;TUBES;T;70;54
7250;SANYCCES BAÑERAS;T;60;60
7301;GRIFERIA MARTI GRAMEGRES;T;75;75
7302;GRIFERIA MARTI GRANADA GRAMEGRES;T;48;48
7303;GRICOTER TERMOST. Y BARRAS DUCHA GRAMEGR;T;66,66;66,66
7304;GRIFERIA C&G;T;110;110
7305;GRIFERIA EMILIO MUÑOZ GRAMEGRES;T;100;100
7306;GRIFERIA GLOBO GRAMEGRES;T;110;110
7307;GRIFERIA RUBI;T;76,66;76,66
7308;GRIFERIA NOVAMIX;T;42,2;42,2
7310;GRIFERIA AQUAGRIF GRAMEGRES;T;70;70
7311;GRIFERIA HANSA GRAMEGRES;T;110;110
7312;GRIFERIA HUBER;T;80;80
7313;GRIFERIA KR BATH;T;60;60
7314;GRIFERIA JULIATTI;T;75;75
7401;MAMPARAS TOT BANY GRAMEGRES;T;100;100
7402;TITAN MAMPARAS GRAMEGRES;T;150;150
7410;ACCESORIOS SANICRIL GRAMEGRES;T;50;50
7411;ACCESORIOS BAÑO ARTYSAN GRAMEGRES;T;110;110
7412;ACCESORIOS GEDY GRAMEGRES;T;95;95
7413;ACCESORIOS BAÑO NOUTOTBANY;T;90;90
7501;MUEBLES ROYO GRAMEGRES;T;60;60
7502;MUEBLES BAYRO GRAMEGRES;T;68;68
7503;MUEBLES ARTYSAN GRAMEGRES;T;68;68
7504;MUEBLES INDELBA/SANICRIL/MARTIN GRAMEGRE;T;68;68
7505;MUEBLES TOT BANY;T;68;68
7506;MUEBLES MOBILUX GRAMEGRES;T;58;58
7507;MUEBLES INOX BANY GRAMEGRES;T;68;68
7508;MUEBLES SILENZZI GRAMEGRES;T;55;55
7509;MUEBLES CONCORD;T;68;68
7510;MUEBLES JULIATTI;T;68;68
7511;MUEBLES SALGAR;T;66,66;66,66
7600;CATA GRAMEGRES;T;69;69
7601;TEKA GRAMEGRES;T;40;40
7602;NODOR GRAMEGRES;T;69;69
7603;FRANKE GRAMEGRES;T;70;70
7604;CEMEVISA GRAMEGRES;T;64;64
7680;PARQUET JAI GRAMEGRES;T;60,4;60,4
7681;;T;50;45
7701;PAVIMENTO Y PORCELANICO PLAZA GRAMEGRES;T;166;100
7702;REVESTIMIENTO PLAZA GRAMEGRES;T;166;100
7703;PIEZAS ESPECIALES PLAZA GRAMEGRES;T;166;100
7704;PAVIMENTO CERFOGRES GRAMEGRES;T;166;100
7707;PAVIMENTO PORCELANATTO GRAMEGRES;T;166;100
7710;PAVIMENTO VIVES GRAMEGRES;T;166;100
7713;PAVIMENTO NATUCER GRAMEGRES;T;166;100
7714;REVESTIMIENTO NATUCER GRAMEGRES;T;166;100
7715;PIEZAS ESPECIALES NATUCER GRAMEGRES;T;166;100
7716;PAVIMENTO MARAZZI GRAMEGRES;T;166;100
7717;REVESTIMIENTO MARAZZI GRAMEGRES;T;166;100
7719;PAVIMENTO SOLOGRES GRAMEGRES;T;166;100
7721;PIEZAS ESPECIALES SOLOGRES GRAMEGRES;T;110;100
7722;PAVIMENTO DURAGRES GRAMEGRES;T;166;100
7724;PIEZAS ESPECIALES DURAGRES GRAMEGRES;T;166;100
7726;REVESTIMIENTO AZULEJO ESPAÑOL GRAMEGRES;T;166;100
7728;PAVIMENTO ARGENTA GRAMEGRES;T;166;100
7729;REVESTIMIENTO ARGENTA GRAMEGRES;T;100;100
7733;REVESTIMIENTO ESKEMA GRAMEGRES;T;166;100
7734;PIEZAS ESPECIALES ESKEMA GRAMEGRES;T;166;100
7735;PAVIMENTO BALDOCER GRAMEGRES;T;66;66
7738;HISPANIA CERAMICA;T;166;100
7739;NAXOS - CENTURY;T;166;100
7740;PORCELANICO TODANATTO;T;166;100
7741;REVESTIMIENTO CAROLA;T;166;100
7742;PAVIMENTO Y PORCELANICO CAROLA;T;166;100
7745;REVESTIMIENTO GLASS;T;166;100
7746;ROCA CERAMICA GRAMEGRES;T;166;100
7747;CIFRE GRAMEGRES;T;100;100
7748;GEOTILES;T;66;66
7750;NEXO ;T;166;100
7751;NAVARTI;T;66;66
7753;MYR CERAMICA;T;166;100
7754;CLICK CERAMICA;T;166;100
7755;ELITE DETALLES GRAMEGRES;T;166;100
7757;PRISSMACER GRAMEGRES;T;66;66
7760;ARCE CERAMICAS GRAMEGRES;T;166;100
7762;DIAGO GRAMEGRES;T;166;100
7763;COLORKER GRAMEGRES;T;166;100
7764;STYNUL PORCELANICO GRAMEGRES;T;66;66
7765;STYLNUL GRAMEGRES;T;66;66
7770;MIMAS;T;66;66
7790;BRANCOS;T;166;100
7799;PIEZAS ESPECIALES SURTIDO GRAMEGRES;T;166;100
8888;ARTICULOS ESPACIAL;T;40;40
8990;PERSONAL;T;100;100
9101;DIAGO REVESTIMIENTO;T;66;66
9103;PLAZA REVESTIMIENTO;T;66;66
9105;UNDEFASA REVESTIMIENTO;T;66;66
9107;SUPERCERAMICA REVESTIMIENTO;T;66;66
9108;COLORKER REVESTIMIENTO;T;66;66
9109;ZYX ;T;70;70
9110;CERFOGRES REVESTIMIENTO;T;66;66
9111;TAUGRES REVESTIMIENTO;T;66;66
9112;VIVES REVESTIMIENTO;T;66;66
9116;CEVICA;T;66;66
9117;CERAMICAS APEADERO;T;66;66
9118;APLICACIONES CCAS;T;75;75
9120;MAINZU;T;66;66
9121;EL BARCO;T;66;66
9128;CERAMICA CAS;T;66;66
9129;VITORIO&LUCCHINO AZULIBER;T;66;66
9130;RIBESALBES/ELITE/NOMDEDEU/CERPA/CERPA;T;70;70
9131;COMPLEMENTTO;T;66;66
9132;KERAMEX;T;66;66
9133;BALLESMAR;T;85;77
9138;LO ARTESANO;T;100;82
9201;PASAMANOS;T;100;92
9202;ESCUADRAS;T;100;92
9203;VIERTEAGUAS;T;100;92
9204;BALDOSAS VIDRIADAS;T;70;70
9205;CARTABONES;T;100;92
9206;PIEZAS SUPLEMENTARIAS;T;100;92
9207;PIEZAS DECORATIVAS;T;100;92
9209;VIDRIADO COROMINA Y CIA;T;100;90
9215;MOSAICS TORRA;T;60;50
9301;UNDEFASA PAVIMENTO;T;66;66
9302;EXAGRES;T;66;66
9303;METROPOL;T;66;66
9304;ART&FIRE;T;66;66
9305;KERAMIA CERAMICA;T;90;80
9306;ABONIR PORCELANICO;T;66;66
9307;GRESAN;T;66;66
9308;FILA IND.QUIMICA;T;55;55
9309;CERACASA;T;66;66
9310;PAVIMENTO PORCELANATTO;T;66;66
9311;KERACOM;T;66;66
9312;SALONI;T;66;66
9313;DURSTONE;T;66;66
9314;MARGRES PORCELANICO;T;66;66
9315;PAMESA ;T;62;62
9316;ALEA METAL EXPERIENCE;T;66;66
9317;MARAZZI ;T;64;64
9318;INALCO;T;66;66
9319;TAU (SEGONA CALITAT);T;200;200
9320;TAU PORCELANICO;T;66;66
9321;TAU PORCELANICO;T;66;66
9322;TAU PAVIMENTO RUSTICO;T;66;66
9323;TAU PAVIMENTO;T;66;66
9324;TAU SLIM 6 mm;T;66;66
9325;VIVES PORCELANICO;T;66;66
9326;GRESPANIA;T;66;66
9327;CERFOGRES PAVIMENTO;T;66;66
9328;VIVES PAVIMENTO;T;66;66
9329;GRES DE ARAGON;T;66;66
9330;GRECOGRES;T;66;66
9331;GRES DE BRANCOS;T;66;66
9332;COLORKER PORCELANICO;T;66;66
9333;COLORKER PAVIMENTO;T;66;66
9334;LEONARDO CERAMICA;T;75;75
9335;DIAGO PAVIMENTO;T;66;66
9336;GRES SAFONT;T;66;66
9337;GRES DE LA MANCHA;T;66;66
9338;GRES-CID;T;75;62
9339;PLAZA PAVIMENTO;T;100;80
9340;NATUCER REVESTIMIENT;T;66;66
9341;NATUCER;T;66;66
9342;OSET;T;66;66
9343;BESTILE;T;66;66
9344;ISLAND STONE;T;85;70
9345;SQUAMERS;T;70;70
9346;TOGAMA/ONIX/ALTTOGLASS/BISAZZA;T;85;70
9347;EZARRI;T;77;77
9348;HISBALIT;T;70;70
9349;VENETO CERAMICA;T;85;66
9350;CIFRE;T;66;66
9351;GRES SURTIDOS;T;66;66
9352;ARGENTA CERAMICA;T;66;66
9353;CICOGRES;T;66;66
9354;VILAR ALBARO;T;70;70
9355;LOVE CERAMICA;T;70;70
9356;TODANATTO ;T;66;66
9357;CINCA;T;70;70
9358;APE CERAMICA;T;66;66
9359;NAXOS-CENTURY;T;66;66
9360;LA PLATERA;T;66;66
9361;MARKET&DEGRE;T;66;66
9362;VENUS CERAMICA;T;66;66
9363;AZUVI;T;66;66
9364;APARICI PORCELANICO;T;60;60
9365;AMERICAN TILES;T;66;66
9366;IBEROALCORENSE;T;66;66
9367;AZULEV;T;66;66
9368;MAXIME CERAMICA;T;66;66
9369;AZULEV - SANCHIS;T;66;66
9370;AZTECA;T;66;66
9371;FABRESA;T;70;70
9372;HALCON;T;66;66
9373;ONICE ;T;66;66
9374;REALONDA;T;66;66
9375;PERONDA;T;66;66
9376;FANAL;T;66;66
9377;GRES DE ALLOZA;T;66;52
9378;ANJASORA / PEDRA LAMINADA;T;52;42
9379;SIERRAGRES;T;66;52
9380;ARCE - COMPRA MAIG 09;T;100;100
9381;CIFRE MAYO 10;T;100;100
9382;ECOCERAMIC;T;66;66
9383;KEROS CERAMICA;T;66;66
9384;AZULEJOS BENADRESA;T;66;66
9385;GRESPOR-PAVIGRES;T;66;66
9386;EL MOLINO;T;66;66
9387;LIVING CERAMICS;T;66;66
9388;RECER;T;66;66
9389;NOVOGRES;T;66;66
9390;ALCALAGRES;T;85;62
9391;LOTUS CERAMICA;T;66;66
9392;PORSIXTY;T;66;66
9393;PORCELANOSA;T;66,66;33,33
9394;VENIS;T;66,66;33,33
9395;URBATEK - L'ANTIC;T;66,66;33,33
9396;NIRO GRANITE;T;66;66
9397;ZIRCONIO;T;66;50
9398;DONNAKER;T;66;66
9399;MARCA CORONA 1741;T;70;70
9401;RINCON ANDALUZ;T;62;62
9403;FUENTES/RINC.ANDALUZ;T;60;60
9404;CERAMICHE PIEMME ;T;80;53
9405;EMIL-PROVENZA;T;80;53
9406;VIVA;T;80;53
9407;CIPA;T;55;55
9408;ROCERSA;T;66;66
9409;KERATILE;T;70;70
9410;ALAPLANA;T;70;70
9411;CASA INFINITA;T;66;66
9412;EMOTION CERAMICS;T;70;70
9413;LITICA;T;66;66
9414;NEWKER;T;66;66
9415;LAND PORCELANICO;T;60;60
9416;PORCELANITE;T;66;66
9417;ETILE CERAMICA;T;66;66
9418;PRACTIKAL;T;66;66
9419;NEW TILE;T;70;70
9420;PAREFEUILLE PROVENCE;T;66;66
9421;NADIS;T;66;66
9422;MAGNIFICA COLLECTION;T;66;66
9423;CODICER ;T;66;66
9424;MIJARES;T;66;66
9425;THRE3;T;66;66
9426;VITACER;T;70;70
9427;LV GRANITO;T;70;70
9428;ROCK CERAMIC;T;70;70
9429;EXT CERAMICA;T;85;62
9430;ROSAGRES;T;66;66
9431;MAYOR;T;66;66
9432;ITT CERAMIC;T;70;70
9433;SMALL SIZE;T;66;66
9434;CRISTACER;T;66;66
9435;SIGNO by KB;T;70;70
9436;PISSANO;T;85;62
9437;DECUS;T;66;66
9438;REVOIR PARIS - DNAtiles;T;66;66
9439;CERAMICA ELIAS (ESMALTADOS);T;66;66
9440;EMIGRES;T;85;62
9441;ACUARIO CERAMICA;T;70;70
9442;MAYOLICA;T;66;66
9443;PROCONCEPT;T;66;66
9444;VILLA CERAMICA;T;70;70
9445;ESARMEX;T;70;70
9446;MYTHAGE;T;66;66
9447;GRESART;T;70;70
9448;ALELUIA ;T;70;70
9452;ARGENTA RAW SLIMM;T;66;66
9461;STAR CERAMICA;T;66;66
9480;VOGUE;T;66;66
9481;TOPCER;T;66;66
9482;PRIMUS VICTORIA;T;70;70
9490;ALFA LUX;T;66;66
9498;ALTERET;T;66;66
9501;RODAPIE SURTIDOS;T;66;66
9502;CERAMICA ALEJANDRES;T;105;100
9506;GRES GIRONA;T;66;66
9507;MAXIMA CERAMICA;T;66;66
9508;KANELA;T;75;66
9509;PZAS ESPECIALES COLORKER;T;70;70
9511;PZAS ESPECIALES VIVES;T;66;66
9512;BASES+PZAS ESPECIALES UNDEFASA;T;100;60
9513;DETALLES - DUNE;T;66;66
9514;PZAS ESPECIALES VARIOS;T;85;76
9515;PZAS ESPECIALES TAU;T;66;66
9516;PINTDECOR;T;85;77
9518;LISTELOS NEXO-KERABEN;T;125;100
9520;MURALES DECOR.SUSAN;T;110;100
9521;PZAS ESPECIALES EQUIPE;T;71;71
9524;ESTILKER;T;120;100
9525;INTERMATEX;T;70;70
9701;VILLEROY BY TAU;T;66;66
9800;IMPERHOUSE ;T;100;100
9999;ALTRES;T;60;60
